<application>
  <component name="FileTypeManager" version="17">
    <extensionMap>
      <mapping pattern="listing" type="PLAIN_TEXT" />
      <mapping pattern="lock" type="PLAIN_TEXT" />
      <mapping pattern=".gitkeep" type="PLAIN_TEXT" />
      <mapping pattern="what-to-do-for-build-update" type="PLAIN_TEXT" />
      <mapping ext="12" type="PLAIN_TEXT" />
      <mapping ext="log___jb_old___" type="PLAIN_TEXT" />
      <mapping ext="neon" type="PLAIN_TEXT" />
      <mapping ext="err" type="PLAIN_TEXT" />
      <mapping ext="1548767196" type="PLAIN_TEXT" />
      <mapping ext="json___jb_old___" type="PLAIN_TEXT" />
      <removed_mapping ext="cmd" approved="true" type="PLAIN_TEXT" />
      <removed_mapping ext="bat" approved="true" type="PLAIN_TEXT" />
      <removed_mapping ext="bat" approved="true" type="PLAIN_TEXT" />
      <removed_mapping ext="log" approved="true" type="PLAIN_TEXT" />
      <removed_mapping ext="dockerfile" approved="true" type="textmate" />
      <removed_mapping ext="makefile" approved="true" type="textmate" />
      <removed_mapping ext="cmd" approved="true" type="PLAIN_TEXT" />
      <removed_mapping ext="snakefile" approved="true" type="textmate" />
    </extensionMap>
  </component>
</application>