<application>
  <component name="GeneralSettings">
    <option name="autoSaveIfInactive" value="true" />
    <option name="inactiveTimeout" value="1" />
    <option name="processCloseConfirmation" value="TERMINATE" />
    <option name="reopenLastProject" value="false" />
    <option name="searchInBackground" value="true" />
    <option name="showTipsOnStartup" value="false" />
  </component>
  <component name="Registry">
    <entry key="ide.balloon.shadow.size" value="0" />
    <entry key="win.editor.thumb.default.alpha.base" value="0" />
    <entry key="win.editor.thumb.default.alpha.delta" value="102" />
    <entry key="win.editor.thumb.darcula.alpha.base" value="0" />
    <entry key="win.editor.thumb.darcula.alpha.delta" value="102" />
    <entry key="win.editor.thumb.default.fill.min" value="102" />
    <entry key="win.editor.thumb.default.fill.max" value="150" />
    <entry key="win.editor.thumb.darcula.fill.min" value="102" />
    <entry key="debugger.watches.in.variables" value="false" />
    <entry key="ide.tooltip.initialDelay" value="600" />
  </component>
</application>