<application>
  <component name="MaterialThemeConfig">
    <option name="compactDropdowns" value="true" />
    <option name="compactSidebar" value="true" />
    <option name="highlightColorEnabled" value="true" />
    <option name="isCompactMenus" value="true" />
    <option name="isCompactStatusBar" value="true" />
    <option name="isCompactTables" value="true" />
    <option name="isContrastMode" value="true" />
    <option name="isHighContrast" value="true" />
    <option name="isWizardShown" value="true" />
    <option name="overrideAccentColor" value="true" />
    <option name="pristineConfig" value="false" />
    <option name="statusBarTheme" value="false" />
    <option name="treeFontSizeEnabled" value="true" />
    <option name="treeFontSize" value="13" />
    <option name="highlightThickness" value="3" />
    <option name="tabsHeight" value="25" />
    <option name="accentColor" value="2979ff" />
    <option name="highlightColor" value="2363c6" />
    <option name="selectedTheme" value="ONE_LIGHT" />
    <option name="userId" value="-3af206d1:168fd1d7bc6:-8000" />
    <option name="version" value="3.5.0.1" />
  </component>
</application>